text,intent
How do I solve this equation?,Homework Help
Can you help me with my math homework?,Homework Help
Generate a quiz on history,Quiz Generation
I want to test my knowledge on geography,Quiz Generation
Tell me an interesting fact,Fun Trivia Generation
Give me a fun trivia question,Fun Trivia Generation
I need some advice on studying,Guidance Provision
Can you provide guidance on time management?,Guidance Provision
I didn't like the last quiz,Feedback Processing
"The homework help was very useful, thank you!",Feedback Processing
"I'm struggling with chemistry concepts, can you provide additional resources?",Homework Help
Create a quiz on famous battles in world history,Quiz Generation
Test my knowledge on elements and their properties in the periodic table,Quiz Generation
Tell me an interesting fact about the evolution of language,Fun Trivia Generation
Ask me a random fun fact about inventions and discoveries,Fun Trivia Generation
How can I enhance my vocabulary and word usage in essays?,Guidance Provision
Share some tips for effective research paper writing,Guidance Provision
I have a suggestion for a new quiz category: Mythology. What do you think?,Feedback Processing
"Your tips on improving writing skills were effective, thank you!",Feedback Processing
What's the best approach to learning a new programming language quickly?,Guidance Provision
"I need assistance with my physics assignment, it's quite complex",Homework Help
Create a quiz on famous philosophers and their philosophical quotes,Quiz Generation
Share an inspiring quote about perseverance and determination,Fun Trivia Generation
I want to excel in creative writing. Can you recommend some writing exercises?,Guidance Provision
Can you provide guidance on overcoming nervousness during public speaking?,Guidance Provision
"The difficulty level of the last quiz was perfect, keep it up!",Feedback Processing
"Your advice on time management has improved my productivity, thank you!",Feedback Processing
What's the most efficient way to approach learning a new programming language?,Guidance Provision
I'd like a quiz focused on significant cultural festivals around the world,Quiz Generation
Tell me a fascinating fact about the history of cinema,Fun Trivia Generation
Ask me a challenging question related to computer networking,Fun Trivia Generation
"I'm struggling with understanding economic theories, can you help?",Homework Help
Create a quiz on influential artists and their contributions to art history,Quiz Generation
Test my knowledge on famous quotes from literature and their authors,Quiz Generation
Tell me an intriguing fact about the mysteries of the deep sea,Fun Trivia Generation
Ask me a complex mathematical problem to solve,Fun Trivia Generation
How can I improve my analytical writing skills for academic essays?,Guidance Provision
Share some tips for effective time management during semester exams,Guidance Provision
"The variety in quiz topics is excellent, keep introducing new ones!",Feedback Processing
"I'm having difficulty with a concept in my astronomy homework, can you explain it?",Homework Help
What's the most effective way to prepare for a comprehensive psychology exam?,Guidance Provision
I'd like a quiz focused on major technological advancements in the 21st century,Quiz Generation
Tell me an interesting fact about ancient civilizations,Fun Trivia Generation
Ask me a thought-provoking question about the philosophy of morality,Fun Trivia Generation
I need tips on staying focused while working on a long-term research project,Guidance Provision
Share some effective techniques for learning a new language quickly,Guidance Provision
"The last homework help session clarified my doubts, thank you!",Feedback Processing
"I found a minor error in the quiz options, can you correct it?",Feedback Processing
How can I balance academics with part-time work and extracurricular activities?,Guidance Provision
I need assistance with my database management assignment,Homework Help
Create a quiz on influential figures in the history of environmental conservation,Quiz Generation
Test my knowledge on famous quotes from political leaders throughout history,Quiz Generation
Tell me an interesting fact about recent advancements in renewable energy,Fun Trivia Generation
Ask me a challenging science fiction trivia question,Fun Trivia Generation
"I'm struggling with understanding literary symbolism, can you provide some guidance?",Homework Help
Create a quiz on famous mathematicians and their contributions to mathematics,Quiz Generation
Share a motivational quote to boost my confidence,Fun Trivia Generation
I want to enhance my critical thinking skills. Can you recommend some exercises?,Guidance Provision
Can you provide guidance on overcoming nervousness during public speaking?,Guidance Provision
"The last trivia question was challenging but enjoyable, more like that!",Feedback Processing
Your advice on time management has positively impacted my study routine,Feedback Processing
I'm having trouble understanding the concept of derivatives in calculus. Can you provide some guidance?,Homework Help
Create a quiz on influential historical figures from the Renaissance period,Quiz Generation
Test my knowledge on the structure and function of human cells,Quiz Generation
Tell me an interesting fact about the impact of music on the brain,Fun Trivia Generation
Ask me a fun trivia question about famous landmarks around the world,Fun Trivia Generation
How can I improve my critical thinking skills for philosophical discussions?,Guidance Provision
Share some tips for effective research paper citation and bibliography,Guidance Provision
I have feedback on the last quiz interface. Can you consider making it more user-friendly?,Feedback Processing
Your advice on overcoming writer's block was helpful. Thank you!,Feedback Processing
What's the most efficient way to approach learning a new programming language?,Guidance Provision
I'm struggling with advanced topics in quantum physics. Can you provide assistance?,Homework Help
Create a quiz on influential writers and their literary works,Quiz Generation
Share an inspiring quote about resilience and facing challenges,Fun Trivia Generation
I want to improve my storytelling skills. Can you suggest some writing exercises?,Guidance Provision
Can you provide guidance on effective presentation skills for public speaking?,Guidance Provision
The last quiz was well-balanced in difficulty. Keep maintaining that standard!,Feedback Processing
Your time management tips have significantly improved my productivity. Thank you!,Feedback Processing
What's the best approach to mastering a new programming language quickly?,Guidance Provision
I'd like a quiz focused on cultural diversity and traditions around the globe,Quiz Generation
Tell me a fascinating fact about the evolution of the internet,Fun Trivia Generation
Ask me a challenging question related to artificial intelligence,Fun Trivia Generation
I'm finding it challenging to grasp economic forecasting. Can you provide guidance?,Homework Help
Create a quiz on influential scientists and their contributions to various fields,Quiz Generation
Test my knowledge on famous quotes from classic literature and their authors,Quiz Generation
Tell me an intriguing fact about the history of ancient civilizations,Fun Trivia Generation
Ask me a complex mathematical problem to solve,Fun Trivia Generation
How can I enhance my creative writing skills for fictional narratives?,Guidance Provision
Share some tips for effective time management during exam weeks,Guidance Provision
The quiz variety is great! Consider adding a category on modern art,Feedback Processing
I'm having difficulty with a concept in my environmental science homework. Can you explain it?,Homework Help
What's the most effective way to prepare for an advanced statistics exam?,Guidance Provision
I'd like a quiz focused on recent innovations in the field of biotechnology,Quiz Generation
Tell me an interesting fact about the history of ancient civilizations,Fun Trivia Generation
Ask me a thought-provoking question about the philosophy of existentialism,Fun Trivia Generation
I need tips on staying focused while working on a long-term research project,Guidance Provision
Share some effective techniques for memorizing and recalling information,Guidance Provision
The last homework help session clarified my doubts. Thank you for your support!,Feedback Processing
I noticed a minor error in the quiz options. Can you please correct it?,Feedback Processing
How can I balance my academic commitments with part-time work and social activities?,Guidance Provision
I need assistance with my computer networks assignment,Homework Help
Create a quiz on influential figures in the history of literature and their contributions,Quiz Generation
Test my knowledge on famous quotes from political leaders throughout history,Quiz Generation
Tell me an interesting fact about recent developments in renewable energy sources,Fun Trivia Generation
Ask me a challenging science fiction trivia question,Fun Trivia Generation
I'm struggling with understanding literary symbolism. Can you provide some guidance?,Homework Help
Create a quiz on famous mathematicians and their contributions to mathematics,Quiz Generation
Share a motivational quote to inspire positive thinking,Fun Trivia Generation
I want to enhance my critical thinking skills. Can you recommend some exercises?,Guidance Provision
Can you provide guidance on effective online research for academic purposes?,Guidance Provision
"The last trivia question was challenging but enjoyable. More questions at that level, please!",Feedback Processing
Your advice on time management has positively impacted my study routine,Feedback Processing
What's the best approach to tackle a programming project with multiple modules?,Guidance Provision
I need help with my environmental science homework assignment,Homework Help
Create a quiz on influential women in science and their contributions,Quiz Generation
Test my knowledge on famous quotes from historical speeches,Quiz Generation
Tell me an intriguing fact about space exploration and its future possibilities,Fun Trivia Generation
Ask me a mind-bending riddle related to scientific principles,Fun Trivia Generation
I'm struggling with managing my time effectively. Any advice for better productivity?,Guidance Provision
Share some tips for effective problem-solving in computer programming,Guidance Provision
The last homework help session was incredibly helpful. I appreciate your support!,Feedback Processing
I didn't understand a concept in the last quiz. Can you provide additional explanation?,Feedback Processing
How can I stay focused during long study sessions without getting fatigued?,Guidance Provision
Create a quiz on influential figures in the field of psychology and their contributions,Quiz Generation
Test my knowledge on famous quotes from classic literature,Quiz Generation
Tell me a fascinating fact about the history of medicine and medical breakthroughs,Fun Trivia Generation
Ask me a challenging riddle related to ancient civilizations,Fun Trivia Generation
I want to improve my problem-solving skills in mathematics. Any tips for effective practice?,Guidance Provision
Share some strategies for effective note-taking during lectures and presentations,Guidance Provision
The feedback on the last quiz was constructive and valuable. Thank you for the insights!,Feedback Processing
I'm struggling with my history homework. Can you provide additional assistance?,Homework Help
What's the most effective way to approach studying for a final exam in physics?,Guidance Provision
I'd like a quiz focused on major scientific discoveries and their impact on society,Quiz Generation
Tell me an interesting fact about different cultures around the world,Fun Trivia Generation
Ask me a thought-provoking question about the philosophy of ethics,Fun Trivia Generation
I need tips on staying motivated and organized during exam periods. Any suggestions?,Guidance Provision
Share some effective techniques for improving language pronunciation,Guidance Provision
The last quiz questions were engaging and informative. Well done!,Feedback Processing
I didn't understand a concept in my geography homework. Can you provide clarification?,Feedback Processing
How can I balance academic commitments with personal hobbies and interests?,Guidance Provision
I need assistance with my computer programming assignment. It's quite complex,Homework Help
Create a quiz on influential figures in the history of philosophy and their contributions,Quiz Generation
Test my knowledge on famous quotes from political leaders throughout history,Quiz Generation
Tell me an intriguing fact about the future possibilities of technology,Fun Trivia Generation
Ask me a challenging science trivia question to test my knowledge,Fun Trivia Generation
I'm struggling with understanding literary themes. Can you provide some guidance?,Homework Help
Create a quiz on famous scientists and their groundbreaking discoveries,Quiz Generation
Share a motivational quote to inspire positive thinking,Fun Trivia Generation
I want to enhance my problem-solving skills. Any recommendations for effective practice?,Guidance Provision
Can you provide guidance on effective essay writing techniques?,Guidance Provision
The last trivia question was too easy. Can you make them more challenging?,Feedback Processing
I appreciate the advice on time management. It has made a significant difference,Feedback Processing
I'm having trouble understanding the concept of derivatives in calculus. Can you provide some guidance?,Homework Help
Create a quiz on influential historical figures from the Renaissance period,Quiz Generation
Test my knowledge on the structure and function of human cells,Quiz Generation
Tell me an interesting fact about the impact of music on the brain,Fun Trivia Generation
Ask me a fun trivia question about famous landmarks around the world,Fun Trivia Generation
How can I improve my critical thinking skills for philosophical discussions?,Guidance Provision
Share some tips for effective research paper citation and bibliography,Guidance Provision
The last quiz questions were engaging and informative. Well done!,Feedback Processing
I didn't understand a concept in my geography homework. Can you provide clarification?,Feedback Processing
How can I balance academic commitments with personal hobbies and interests?,Guidance Provision
I need assistance with my computer programming assignment. It's quite complex,Homework Help
Create a quiz on influential figures in the history of philosophy and their contributions,Quiz Generation
Test my knowledge on famous quotes from political leaders throughout history,Quiz Generation
Tell me an intriguing fact about the future possibilities of technology,Fun Trivia Generation
Ask me a challenging science trivia question to test my knowledge,Fun Trivia Generation
I'm struggling with understanding literary themes. Can you provide some guidance?,Homework Help
Create a quiz on famous scientists and their groundbreaking discoveries,Quiz Generation
Share a motivational quote to inspire positive thinking,Fun Trivia Generation
I want to enhance my problem-solving skills. Any recommendations for effective practice?,Guidance Provision
Can you provide guidance on effective essay writing techniques?,Guidance Provision
The last trivia question was too easy. Can you make them more challenging?,Feedback Processing
I appreciate the advice on time management. It has made a significant difference,Feedback Processing
I'm having difficulty understanding quantum mechanics. Can you provide some assistance?,Homework Help
Create a quiz on influential philosophers and their contributions to philosophy,Quiz Generation
Test my knowledge on the principles of organic chemistry,Quiz Generation
Tell me an interesting fact about the history of the Industrial Revolution,Fun Trivia Generation
Ask me a fun trivia question about famous inventions throughout history,Fun Trivia Generation
How can I improve my problem-solving skills for mathematical proofs?,Guidance Provision
Share some tips for effective revision before exams,Guidance Provision
I have a suggestion for a quiz theme: World Mythologies. What do you think?,Feedback Processing
Your guidance on enhancing reading comprehension was helpful. Thank you!,Feedback Processing
What's the most efficient way to learn data structures and algorithms?,Guidance Provision
I'm struggling with complex algorithms. Can you provide additional resources?,Homework Help
Create a quiz on influential authors and their literary genres,Quiz Generation
Share an inspiring quote about creativity and innovation,Fun Trivia Generation
I want to improve my storytelling skills. Can you suggest writing prompts?,Guidance Provision
Can you provide guidance on effective public speaking techniques for presentations?,Guidance Provision
The last quiz had a good mix of questions. Keep up the balanced variety!,Feedback Processing
Your time management tips have significantly improved my study routine. Thank you!,Feedback Processing
What's the best approach to mastering a new programming language quickly?,Guidance Provision
I'd like a quiz focused on cultural diversity and traditions around the globe,Quiz Generation
Tell me a fascinating fact about the history of artificial intelligence,Fun Trivia Generation
Ask me a challenging question related to quantum computing,Fun Trivia Generation
I'm finding it challenging to grasp economic forecasting. Can you provide guidance?,Homework Help
Create a quiz on influential scientists and their contributions to various fields,Quiz Generation
Test my knowledge on famous quotes from classic literature and their authors,Quiz Generation
Tell me an intriguing fact about the history of ancient civilizations,Fun Trivia Generation
Ask me a complex mathematical problem to solve,Fun Trivia Generation
How can I enhance my creative writing skills for fictional narratives?,Guidance Provision
Share some tips for effective time management during exam weeks,Guidance Provision
"The variety in quiz topics is excellent, keep introducing new ones!",Feedback Processing
I'm having difficulty with a concept in my environmental science homework. Can you explain it?,Homework Help
What's the most effective way to prepare for a comprehensive psychology exam?,Guidance Provision
I'd like a quiz focused on major technological advancements in various industries,Quiz Generation
Tell me an interesting fact about the history of space exploration,Fun Trivia Generation
Ask me a thought-provoking question about the philosophy of ethics,Fun Trivia Generation
I need tips on staying focused while working on a long-term research project,Guidance Provision
Share some effective techniques for memorizing and recalling information,Guidance Provision
The last homework help session clarified my doubts. Thank you for your support!,Feedback Processing
I noticed a minor error in the quiz options. Can you please correct it?,Feedback Processing
How can I balance my academic commitments with part-time work and social activities?,Guidance Provision
I need assistance with my computer networks assignment,Homework Help
Create a quiz on influential figures in the history of literature and their contributions,Quiz Generation
Test my knowledge on famous quotes from political leaders throughout history,Quiz Generation
Tell me an interesting fact about recent developments in renewable energy sources,Fun Trivia Generation
Ask me a challenging science fiction trivia question,Fun Trivia Generation
I'm struggling with understanding literary symbolism. Can you provide some guidance?,Homework Help
Create a quiz on famous mathematicians and their contributions to mathematics,Quiz Generation
Share a motivational quote to inspire positive thinking,Fun Trivia Generation
I want to enhance my critical thinking skills. Can you recommend some exercises?,Guidance Provision
Can you provide guidance on effective online research for academic purposes?,Guidance Provision
"The last trivia question was challenging but enjoyable. More questions at that level, please!",Feedback Processing
Your advice on time management has positively impacted my study routine,Feedback Processing
What's the best approach to tackle a programming project with multiple modules?,Guidance Provision
I need help with my environmental science homework assignment,Homework Help
Create a quiz on influential women in science and their contributions,Quiz Generation
Test my knowledge on famous quotes from historical speeches,Quiz Generation
Tell me an intriguing fact about space exploration and its future possibilities,Fun Trivia Generation
Ask me a mind-bending riddle related to scientific principles,Fun Trivia Generation
I'm struggling with managing my time effectively. Any advice for better productivity?,Guidance Provision
Share some tips for effective problem-solving in computer programming,Guidance Provision
The last homework help session was incredibly helpful. I appreciate your support!,Feedback Processing
I didn't understand a concept in the last quiz. Can you provide additional explanation?,Feedback Processing
How can I stay focused during long study sessions without getting fatigued?,Guidance Provision
Create a quiz on influential figures in the field of psychology and their contributions,Quiz Generation
Test my knowledge on famous quotes from classic literature,Quiz Generation
Tell me a fascinating fact about the history of medicine and medical breakthroughs,Fun Trivia Generation
Ask me a challenging riddle related to ancient civilizations,Fun Trivia Generation
I want to improve my problem-solving skills in mathematics. Any tips for effective practice?,Guidance Provision
Share some strategies for effective note-taking during lectures and presentations,Guidance Provision
The feedback on the last quiz was constructive and valuable. Thank you for the insights!,Feedback Processing
I'm struggling with my history homework. Can you provide additional assistance?,Homework Help
What's the most effective way to approach studying for a final exam in physics?,Guidance Provision
I'd like a quiz focused on major scientific discoveries and their impact on society,Quiz Generation
Tell me an interesting fact about different cultures around the world,Fun Trivia Generation
Ask me a thought-provoking question about the philosophy of ethics,Fun Trivia Generation
I need tips on staying motivated and organized during exam periods. Any suggestions?,Guidance Provision
Share some effective techniques for improving language pronunciation,Guidance Provision
The last quiz questions were engaging and informative. Well done!,Feedback Processing
I didn't understand a concept in my geography homework. Can you provide clarification?,Feedback Processing
How can I balance academic commitments with personal hobbies and interests?,Guidance Provision
I need assistance with my computer programming assignment. It's quite complex,Homework Help
Create a quiz on influential figures in the history of philosophy and their contributions,Quiz Generation
Test my knowledge on famous quotes from political leaders throughout history,Quiz Generation
Tell me an intriguing fact about the future possibilities of technology,Fun Trivia Generation
Ask me a challenging science trivia question to test my knowledge,Fun Trivia Generation
I'm struggling with understanding literary themes. Can you provide some guidance?,Homework Help
Create a quiz on famous scientists and their groundbreaking discoveries,Quiz Generation
Share a motivational quote to inspire positive thinking,Fun Trivia Generation
I want to enhance my problem-solving skills. Any recommendations for effective practice?,Guidance Provision
Can you provide guidance on effective essay writing techniques?,Guidance Provision
The last trivia question was too easy. Can you make them more challenging?,Feedback Processing
I appreciate the advice on time management. It has made a significant difference,Feedback Processing
I'm having difficulty understanding quantum mechanics. Can you provide some assistance?,Homework Help
Create a quiz on influential philosophers and their contributions to philosophy,Quiz Generation
Test my knowledge on the principles of organic chemistry,Quiz Generation
Tell me an interesting fact about the history of the Industrial Revolution,Fun Trivia Generation
Ask me a fun trivia question about famous inventions throughout history,Fun Trivia Generation
How can I improve my problem-solving skills for mathematical proofs?,Guidance Provision
Share some tips for effective revision before exams,Guidance Provision
I have a suggestion for a quiz theme: World Mythologies. What do you think?,Feedback Processing
Your guidance on enhancing reading comprehension was helpful. Thank you!,Feedback Processing
What's the most efficient way to learn data structures and algorithms?,Guidance Provision
I'm struggling with complex algorithms. Can you provide additional resources?,Homework Help
Create a quiz on influential authors and their literary genres,Quiz Generation
Share an inspiring quote about creativity and innovation,Fun Trivia Generation
I want to improve my storytelling skills. Can you suggest writing prompts?,Guidance Provision
Can you provide guidance on effective public speaking techniques for presentations?,Guidance Provision
The last quiz had a good mix of questions. Keep up the balanced variety!,Feedback Processing
Your time management tips have significantly improved my study routine. Thank you!,Feedback Processing
What's the best approach to mastering a new programming language quickly?,Guidance Provision
I'd like a quiz focused on cultural diversity and traditions around the globe,Quiz Generation
Tell me a fascinating fact about the evolution of the internet,Fun Trivia Generation
Ask me a challenging question related to artificial intelligence,Fun Trivia Generation
I'm finding it challenging to grasp economic forecasting. Can you provide guidance?,Homework Help
Create a quiz on influential scientists and their contributions to various fields,Quiz Generation
Test my knowledge on famous quotes from classic literature and their authors,Quiz Generation
Tell me an intriguing fact about the history of ancient civilizations,Fun Trivia Generation
Ask me a complex mathematical problem to solve,Fun Trivia Generation
How can I enhance my creative writing skills for fictional narratives?,Guidance Provision
Share some tips for effective time management during exam weeks,Guidance Provision
"The variety in quiz topics is excellent, keep introducing new ones!",Feedback Processing
I'm having difficulty with a concept in my environmental science homework. Can you explain it?,Homework Help
What's the most effective way to prepare for a comprehensive psychology exam?,Guidance Provision
I'd like a quiz focused on major technological advancements in various industries,Quiz Generation
Tell me an interesting fact about the history of space exploration,Fun Trivia Generation
Ask me a thought-provoking question about the philosophy of ethics,Fun Trivia Generation
I need tips on staying focused while working on a long-term research project,Guidance Provision
Share some effective techniques for memorizing and recalling information,Guidance Provision
The last homework help session clarified my doubts. Thank you for your support!,Feedback Processing
I noticed a minor error in the quiz options. Can you please correct it?,Feedback Processing
How can I balance my academic commitments with part-time work and social activities?,Guidance Provision
I need assistance with my computer networks assignment,Homework Help
Create a quiz on influential figures in the history of literature and their contributions,Quiz Generation
Test my knowledge on famous quotes from political leaders throughout history,Quiz Generation
Tell me an interesting fact about recent developments in renewable energy sources,Fun Trivia Generation
Ask me a challenging science fiction trivia question,Fun Trivia Generation
I'm struggling with understanding literary symbolism. Can you provide some guidance?,Homework Help
Create a quiz on famous mathematicians and their contributions to mathematics,Quiz Generation
Share a motivational quote to inspire positive thinking,Fun Trivia Generation
I want to enhance my critical thinking skills. Can you recommend some exercises?,Guidance Provision
Can you provide guidance on effective online research for academic purposes?,Guidance Provision
"The last trivia question was challenging but enjoyable. More questions at that level, please!",Feedback Processing
Your advice on time management has positively impacted my study routine,Feedback Processing
What's the best approach to tackle a programming project with multiple modules?,Guidance Provision
I need help with my environmental science homework assignment,Homework Help
Create a quiz on influential women in science and their contributions,Quiz Generation
Test my knowledge on famous quotes from historical speeches,Quiz Generation
Tell me an intriguing fact about space exploration and its future possibilities,Fun Trivia Generation
Ask me a mind-bending riddle related to scientific principles,Fun Trivia Generation
I'm struggling with managing my time effectively. Any advice for better productivity?,Guidance Provision
Share some tips for effective problem-solving in computer programming,Guidance Provision
The last homework help session was incredibly helpful. I appreciate your support!,Feedback Processing
I didn't understand a concept in the last quiz. Can you provide additional explanation?,Feedback Processing
How can I stay focused during long study sessions without getting fatigued?,Guidance Provision
Create a quiz on influential figures in the field of psychology and their contributions,Quiz Generation
Test my knowledge on famous quotes from classic literature,Quiz Generation
Tell me a fascinating fact about the history of medicine and medical breakthroughs,Fun Trivia Generation
Ask me a challenging riddle related to ancient civilizations,Fun Trivia Generation
I want to improve my problem-solving skills in mathematics. Any tips for effective practice?,Guidance Provision
Share some strategies for effective note-taking during lectures and presentations,Guidance Provision
The feedback on the last quiz was constructive and valuable. Thank you for the insights!,Feedback Processing
I'm struggling with my history homework. Can you provide additional assistance?,Homework Help
What's the most effective way to approach studying for a final exam in physics?,Guidance Provision
I'd like a quiz focused on major scientific discoveries and their impact on society,Quiz Generation
Tell me an interesting fact about different cultures around the world,Fun Trivia Generation
Ask me a thought-provoking question about the philosophy of ethics,Fun Trivia Generation
I need tips on staying motivated and organized during exam periods. Any suggestions?,Guidance Provision
Share some effective techniques for improving language pronunciation,Guidance Provision
The last quiz questions were engaging and informative. Well done!,Feedback Processing
I didn't understand a concept in my geography homework. Can you provide clarification?,Feedback Processing
How can I balance academic commitments with personal hobbies and interests?,Guidance Provision
I need assistance with my computer programming assignment. It's quite complex,Homework Help
Create a quiz on influential figures in the history of philosophy and their contributions,Quiz Generation
Test my knowledge on famous quotes from political leaders throughout history,Quiz Generation
Tell me an intriguing fact about the future possibilities of technology,Fun Trivia Generation
Ask me a challenging science trivia question to test my knowledge,Fun Trivia Generation
I'm struggling with understanding literary themes. Can you provide some guidance?,Homework Help
Create a quiz on famous scientists and their groundbreaking discoveries,Quiz Generation
Share a motivational quote to inspire positive thinking,Fun Trivia Generation
I want to enhance my problem-solving skills. Any recommendations for effective practice?,Guidance Provision
Can you provide guidance on effective essay writing techniques?,Guidance Provision
The last trivia question was too easy. Can you make them more challenging?,Feedback Processing
I appreciate the advice on time management. It has made a significant difference,Feedback Processing
I'm having difficulty understanding quantum mechanics. Can you provide some assistance?,Homework Help
Create a quiz on influential philosophers and their contributions to philosophy,Quiz Generation
Test my knowledge on the principles of organic chemistry,Quiz Generation
Tell me an interesting fact about the history of the Industrial Revolution,Fun Trivia Generation
Ask me a fun trivia question about famous inventions throughout history,Fun Trivia Generation
How can I improve my problem-solving skills for mathematical proofs?,Guidance Provision
Share some tips for effective revision before exams,Guidance Provision
I have a suggestion for a quiz theme: World Mythologies. What do you think?,Feedback Processing
Your guidance on enhancing reading comprehension was helpful. Thank you!,Feedback Processing
What's the most efficient way to learn data structures and algorithms?,Guidance Provision
I'm struggling with complex algorithms. Can you provide additional resources?,Homework Help
Create a quiz on influential authors and their literary genres,Quiz Generation
Share an inspiring quote about creativity and innovation,Fun Trivia Generation
I want to improve my storytelling skills. Can you suggest writing prompts?,Guidance Provision
Can you provide guidance on effective public speaking techniques for presentations?,Guidance Provision
The last quiz had a good mix of questions. Keep up the balanced variety!,Feedback Processing
Your time management tips have significantly improved my study routine. Thank you!,Feedback Processing
What's the best approach to mastering a new programming language quickly?,Guidance Provision
I'd like a quiz focused on cultural diversity and traditions around the globe,Quiz Generation
Tell me a fascinating fact about the evolution of the internet,Fun Trivia Generation
Ask me a challenging question related to artificial intelligence,Fun Trivia Generation
I'm finding it challenging to grasp economic forecasting. Can you provide guidance?,Homework Help
Create a quiz on influential scientists and their contributions to various fields,Quiz Generation
Test my knowledge on famous quotes from classic literature and their authors,Quiz Generation
Tell me an intriguing fact about the history of ancient civilizations,Fun Trivia Generation
Ask me a complex mathematical problem to solve,Fun Trivia Generation
How can I enhance my creative writing skills for fictional narratives?,Guidance Provision
Share some tips for effective time management during exam weeks,Guidance Provision
"The variety in quiz topics is excellent, keep introducing new ones!",Feedback Processing
I'm having difficulty with a concept in my environmental science homework. Can you explain it?,Homework Help
What's the most effective way to prepare for a comprehensive psychology exam?,Guidance Provision
I'd like a quiz focused on major technological advancements in various industries,Quiz Generation
Tell me an interesting fact about the history of space exploration,Fun Trivia Generation
Ask me a thought-provoking question about the philosophy of ethics,Fun Trivia Generation
I need tips on staying focused while working on a long-term research project,Guidance Provision
Share some effective techniques for memorizing and recalling information,Guidance Provision
The last homework help session clarified my doubts. Thank you for your support!,Feedback Processing
I noticed a minor error in the quiz options. Can you please correct it?,Feedback Processing
How can I balance my academic commitments with part-time work and social activities?,Guidance Provision
I need assistance with my computer networks assignment,Homework Help
Create a quiz on influential figures in the history of literature and their contributions,Quiz Generation
Test my knowledge on famous quotes from political leaders throughout history,Quiz Generation
Tell me an interesting fact about recent developments in renewable energy sources,Fun Trivia Generation
Ask me a challenging science fiction trivia question,Fun Trivia Generation
I'm struggling with understanding literary symbolism. Can you provide some guidance?,Homework Help
Create a quiz on famous mathematicians and their contributions to mathematics,Quiz Generation
Share a motivational quote to inspire positive thinking,Fun Trivia Generation
I want to enhance my critical thinking skills. Can you recommend some exercises?,Guidance Provision
Can you provide guidance on effective online research for academic purposes?,Guidance Provision
"The last trivia question was challenging but enjoyable. More questions at that level, please!",Feedback Processing
Your advice on time management has positively impacted my study routine,Feedback Processing
What's the best approach to tackle a programming project with multiple modules?,Guidance Provision
I need help with my environmental science homework assignment,Homework Help
Create a quiz on influential women in science and their contributions,Quiz Generation
Test my knowledge on famous quotes from historical speeches,Quiz Generation
Tell me an intriguing fact about space exploration and its future possibilities,Fun Trivia Generation
Ask me a mind-bending riddle related to scientific principles,Fun Trivia Generation
I'm struggling with managing my time effectively. Any advice for better productivity?,Guidance Provision
Share some tips for effective problem-solving in computer programming,Guidance Provision
The last homework help session was incredibly helpful. I appreciate your support!,Feedback Processing
I didn't understand a concept in the last quiz. Can you provide additional explanation?,Feedback Processing
How can I stay focused during long study sessions without getting fatigued?,Guidance Provision
Create a quiz on influential figures in the field of psychology and their contributions,Quiz Generation
Test my knowledge on famous quotes from classic literature,Quiz Generation
Tell me a fascinating fact about the history of medicine and medical breakthroughs,Fun Trivia Generation
Ask me a challenging riddle related to ancient civilizations,Fun Trivia Generation
I want to improve my problem-solving skills in mathematics. Any tips for effective practice?,Guidance Provision
Share some strategies for effective note-taking during lectures and presentations,Guidance Provision
The feedback on the last quiz was constructive and valuable. Thank you for the insights!,Feedback Processing
I'm struggling with my history homework. Can you provide additional assistance?,Homework Help
What's the most effective way to approach studying for a final exam in physics?,Guidance Provision
I'd like a quiz focused on major scientific discoveries and their impact on society,Quiz Generation
Tell me an interesting fact about different cultures around the world,Fun Trivia Generation
Ask me a thought-provoking question about the philosophy of ethics,Fun Trivia Generation
I need tips on staying motivated and organized during exam periods. Any suggestions?,Guidance Provision
Share some effective techniques for improving language pronunciation,Guidance Provision
The last quiz questions were engaging and informative. Well done!,Feedback Processing
I didn't understand a concept in my geography homework. Can you provide clarification?,Feedback Processing
How can I balance academic commitments with personal hobbies and interests?,Guidance Provision
I need assistance with my computer programming assignment. It's quite complex,Homework Help
Create a quiz on influential figures in the history of philosophy and their contributions,Quiz Generation
Test my knowledge on famous quotes from political leaders throughout history,Quiz Generation
Tell me an intriguing fact about the future possibilities of technology,Fun Trivia Generation
Ask me a challenging science trivia question to test my knowledge,Fun Trivia Generation
I'm struggling with understanding literary themes. Can you provide some guidance?,Homework Help
Create a quiz on famous scientists and their groundbreaking discoveries,Quiz Generation
Share a motivational quote to inspire positive thinking,Fun Trivia Generation
I want to enhance my problem-solving skills. Any recommendations for effective practice?,Guidance Provision
Can you provide guidance on effective essay writing techniques?,Guidance Provision
The last trivia question was too easy. Can you make them more challenging?,Feedback Processing
I appreciate the advice on time management. It has made a significant difference,Feedback Processing
I'm having difficulty understanding quantum mechanics. Can you provide some assistance?,Homework Help
Create a quiz on influential philosophers and their contributions to philosophy,Quiz Generation
Test my knowledge on the principles of organic chemistry,Quiz Generation
Tell me an interesting fact about the history of the Industrial Revolution,Fun Trivia Generation
Ask me a fun trivia question about famous inventions throughout history,Fun Trivia Generation
How can I improve my problem-solving skills for mathematical proofs?,Guidance Provision
Share some tips for effective revision before exams,Guidance Provision
I have a suggestion for a quiz theme: World Mythologies. What do you think?,Feedback Processing
Your guidance on enhancing reading comprehension was helpful. Thank you!,Feedback Processing
What's the most efficient way to learn data structures and algorithms?,Guidance Provision
I'm struggling with complex algorithms. Can you provide additional resources?,Homework Help
Create a quiz on influential authors and their literary genres,Quiz Generation
This chatbot is very helpful.,Feedback Processing
I like how this chatbot provides guidance.,Feedback Processing
Can you tell me some interesting facts?,Fun Trivia Generation
Trivia please.,Fun Trivia Generation
Tell me a fun fact.,Fun Trivia Generation
I need some advice on studying for exams.,Guidance Provision
How can I improve my grades?,Guidance Provision
What's the best way to prepare for a test?,Guidance Provision
I'm struggling with my math homework.,Homework Help
Can you help me with calculus?,Homework Help
I don't understand this physics problem.,Homework Help
Generate a quiz on history.,Quiz Generation
Can you quiz me on geography?,Quiz Generation
I want to test my knowledge on biology.,Quiz Generation
This chatbot needs improvement.,Feedback Processing
Provide feedback.,Feedback Processing
Tell me something funny.,Fun Trivia Generation
Give me trivia.,Fun Trivia Generation
I'm feeling lost in my studies.,Guidance Provision
How do I stay focused while studying?,Guidance Provision
Help me with my English assignment.,Homework Help
Explain this chemistry concept to me.,Homework Help
I need assistance with my history essay.,Homework Help
Create a quiz about famous scientists.,Quiz Generation
I want to test my knowledge of famous landmarks.,Quiz Generation
Quiz me on chemistry formulas.,Quiz Generation
The chatbot interface is user-friendly.,Feedback Processing
I appreciate the quick responses from this chatbot.,Feedback Processing
Share an interesting fact about space.,Fun Trivia Generation
Tell me something fascinating.,Fun Trivia Generation
I need guidance on choosing a college major.,Guidance Provision
How do I manage my time effectively?,Guidance Provision
What's the best way to tackle a difficult subject?,Guidance Provision
I'm stuck on this algebra problem.,Homework Help
Can you assist with my trigonometry assignment?,Homework Help
Explain the concept of photosynthesis.,Homework Help
Create a quiz about world capitals.,Quiz Generation
I want to test my knowledge of famous landmarks.,Quiz Generation
Quiz me on chemistry formulas.,Quiz Generation
The chatbot needs more interactive features.,Feedback Processing
I wish the chatbot could provide more detailed explanations.,Feedback Processing
Share a random fact.,Fun Trivia Generation
Give me a trivia question.,Fun Trivia Generation
I need advice on career planning.,Guidance Provision
How do I deal with exam anxiety?,Guidance Provision
What's the best way to take notes during lectures?,Guidance Provision
I'm stuck on my programming homework.,Homework Help
Can you help me debug this code?,Homework Help
Explain the concept of inheritance in OOP.,Homework Help
Create a quiz on famous inventors.,Quiz Generation
I want to test my knowledge of astronomy.,Quiz Generation
Quiz me on the human body.,Quiz Generation
The chatbot responses are too slow.,Feedback Processing
I find the chatbot's interface confusing.,Feedback Processing
Tell me something fascinating about animals.,Fun Trivia Generation
Give me a random piece of trivia.,Fun Trivia Generation
I need guidance on choosing a career path.,Guidance Provision
How do I handle stress during exams?,Guidance Provision
What's the best way to revise for a test?,Guidance Provision
I'm struggling with my history homework.,Homework Help
Can you help me with historical dates?,Homework Help
Explain the causes of World War I.,Homework Help
Generate a quiz on famous literature.,Quiz Generation
I want to test my knowledge of Shakespeare.,Quiz Generation
Quiz me on famous authors.,Quiz Generation
The chatbot's responses are too formal.,Feedback Processing
I wish the chatbot could understand me better.,Feedback Processing
Tell me a fun fact about technology.,Fun Trivia Generation
Give me trivia about science.,Fun Trivia Generation
I need advice on improving my study habits.,Guidance Provision
How do I overcome procrastination?,Guidance Provision
What's the best way to approach a difficult subject?,Guidance Provision
I'm struggling with my Spanish homework.,Homework Help
Can you help me with verb conjugations?,Homework Help
Explain the concept of democracy.,Homework Help
Create a quiz on famous landmarks.,Quiz Generation
I want to test my knowledge of world geography.,Quiz Generation
Quiz me on political leaders.,Quiz Generation
The chatbot's responses are too slow.,Feedback Processing
I find the chatbot's interface confusing.,Feedback Processing
Tell me something fascinating about animals.,Fun Trivia Generation
Give me a random piece of trivia.,Fun Trivia Generation
I need guidance on choosing a career path.,Guidance Provision
How do I handle stress during exams?,Guidance Provision
What's the best way to revise for a test?,Guidance Provision
I'm struggling with my history homework.,Homework Help
Can you help me with historical dates?,Homework Help
Explain the causes of World War I.,Homework Help
Generate a quiz on famous literature.,Quiz Generation
I want to test my knowledge of Shakespeare.,Quiz Generation
Quiz me on famous authors.,Quiz Generation
The chatbot's responses are too formal.,Feedback Processing
I wish the chatbot could understand colloquial language better.,Feedback Processing
Tell me a fun fact about technology.,Fun Trivia Generation
Give me trivia about science.,Fun Trivia Generation
I need advice on improving my study habits.,Guidance Provision
How do I overcome procrastination?,Guidance Provision
What's the best way to approach a difficult subject?,Guidance Provision
I'm struggling with my Spanish homework.,Homework Help
Can you help me with verb conjugations?,Homework Help
Explain the concept of democracy.,Homework Help
Create a quiz on famous landmarks.,Quiz Generation
I want to test my knowledge of world geography.,Quiz Generation
Quiz me on political leaders.,Quiz Generation
Nice!,Feedback Processing
Interesting!,Feedback Processing
Cool!,Feedback Processing
Fascinating!,Feedback Processing
Wow!,Feedback Processing
Tell me a joke.,Fun Trivia Generation
Give me a fact.,Fun Trivia Generation
Share something funny.,Fun Trivia Generation
Trivia?,Fun Trivia Generation
How to study?,Guidance Provision
Exam tips?,Guidance Provision
Time management?,Guidance Provision
Help!,Homework Help
Stuck!,Homework Help
Explanation?,Homework Help
Quiz!,Quiz Generation
Challenge!,Quiz Generation
Question?,Quiz Generation
Awesome!,Feedback Processing
Great!,Feedback Processing
Superb!,Feedback Processing
Impressive!,Feedback Processing
Outstanding!,Feedback Processing
Tell me something weird.,Fun Trivia Generation
Give me a random fact.,Fun Trivia Generation
Share an odd fact.,Fun Trivia Generation
Trivia time!,Fun Trivia Generation
Future plans?,Guidance Provision
Career advice?,Guidance Provision
Motivation?,Guidance Provision
Lost!,Homework Help
Confused!,Homework Help
Need help!,Homework Help
Quiz me!,Quiz Generation
Test!,Quiz Generation
Quiz question?,Quiz Generation
Nice work!,Feedback Processing
Well done!,Feedback Processing
Keep it up!,Feedback Processing
You're doing great!,Feedback Processing
Amazing job!,Feedback Processing
Tell me something scary.,Fun Trivia Generation
Give me a spooky fact.,Fun Trivia Generation
Share a creepy fact.,Fun Trivia Generation
Trivia about horror?,Fun Trivia Generation
Study tips?,Guidance Provision
How to concentrate?,Guidance Provision
Revision strategies?,Guidance Provision
Help me!,Homework Help
Struggling!,Homework Help
Don't understand!,Homework Help
Quiz time!,Quiz Generation
Challenge me!,Quiz Generation
Test my knowledge!,Quiz Generation
Excellent!,Feedback Processing
Brilliant!,Feedback Processing
Fantastic!,Feedback Processing
Splendid!,Feedback Processing
Super!,Feedback Processing
Tell me a mind-blowing fact.,Fun Trivia Generation
Give me an astonishing fact.,Fun Trivia Generation
Share something mind-boggling.,Fun Trivia Generation
Trivia about the universe?,Fun Trivia Generation
Career path?,Guidance Provision
How to deal with stress?,Guidance Provision
Effective studying?,Guidance Provision
Need assistance!,Homework Help
Stuck on a problem!,Homework Help
Can't figure it out!,Homework Help
Quiz time again!,Quiz Generation
More questions!,Quiz Generation
Ready for a challenge?,Quiz Generation
Nice job!,Feedback Processing
Well executed!,Feedback Processing
Keep it going!,Feedback Processing
You're on fire!,Feedback Processing
Impressive work!,Feedback Processing
Tell me something unbelievable.,Fun Trivia Generation
Give me a jaw-dropping fact.,Fun Trivia Generation
Share something incredible.,Fun Trivia Generation
Trivia about strange phenomena?,Fun Trivia Generation
Future career?,Guidance Provision
Tips for exam day?,Guidance Provision
Study techniques?,Guidance Provision
Need help ASAP!,Homework Help
Urgent!,Homework Help
Deadline approaching!,Homework Help
Another quiz!,Quiz Generation
Let's quiz!,Quiz Generation
Question time!,Quiz Generation
Nice one!,Feedback Processing
Interesting point!,Feedback Processing
That's cool!,Feedback Processing
Absolutely fascinating!,Feedback Processing
Incredible!,Feedback Processing
Got any riddles?,Fun Trivia Generation
Tell me a factoid.,Fun Trivia Generation
Any jokes?,Fun Trivia Generation
Trivia?,Fun Trivia Generation
How do I focus?,Guidance Provision
Tips for exams?,Guidance Provision
Study hacks?,Guidance Provision
Need a hand.,Homework Help
Stuck on this.,Homework Help
Lost on this topic.,Homework Help
Pop quiz!,Quiz Generation
Ready for a challenge?,Quiz Generation
Another test?,Quiz Generation
Impressive work!,Feedback Processing
Great effort!,Feedback Processing
Excellent job!,Feedback Processing
Well executed!,Feedback Processing
Keep it up!,Feedback Processing
Give me a weird fact.,Fun Trivia Generation
Tell me something odd.,Fun Trivia Generation
How about some strange trivia?,Fun Trivia Generation
Quiz time?,Fun Trivia Generation
Career advice?,Guidance Provision
Stress management?,Guidance Provision
Time management tips?,Guidance Provision
Help needed!,Homework Help
Struggling here!,Homework Help
Need an explanation.,Homework Help
Quiz me on this.,Quiz Generation
Test my knowledge!,Quiz Generation
Ready for a quiz?,Quiz Generation
Awesome job!,Feedback Processing
Well done!,Feedback Processing
Keep up the good work!,Feedback Processing
You're doing great!,Feedback Processing
Fantastic effort!,Feedback Processing
Give me a scary fact.,Fun Trivia Generation
Tell me something spooky.,Fun Trivia Generation
Share a creepy tidbit.,Fun Trivia Generation
Quiz on horror?,Fun Trivia Generation
Career path advice?,Guidance Provision
Tips for exam prep?,Guidance Provision
I appreciate the effort you put into explaining the concepts thoroughly. It really helps me understand the material better.,Feedback Processing
The insights provided by this chatbot are truly thought-provoking and enriching. I enjoy learning new things through it.,Feedback Processing
Could you share some intriguing facts about the universe? I'm always fascinated by the mysteries of space.,Fun Trivia Generation
I love a good challenge! How about a brain-teaser or a puzzle to keep my mind sharp?,Fun Trivia Generation
Can you tell me about some bizarre natural phenomena? I find the wonders of the world endlessly captivating.,Fun Trivia Generation
I'm feeling a bit lost lately. Do you have any advice on how to find my passion and pursue a fulfilling career?,Guidance Provision
"Managing my time effectively has been a struggle lately. Any tips on how to balance my studies, work, and personal life?",Guidance Provision
I'm preparing for my exams and feeling overwhelmed. Could you provide some strategies to help me stay focused and motivated?,Guidance Provision
"I've been grappling with this complex math problem for hours, and I just can't seem to crack it. Can you guide me through the steps?",Homework Help
Could you explain the intricacies of Shakespearean literature to me? I'm having trouble deciphering the hidden meanings in his works.,Homework Help
"I'm struggling with my coding assignment, particularly with debugging. Can you assist me in identifying and fixing errors in my code?",Homework Help
I'm eager to test my knowledge on ancient history! Can you create a challenging quiz on civilizations like Ancient Egypt and Mesopotamia?,Quiz Generation
I've been brushing up on my geography skills lately and would love to put them to the test. Can you quiz me on world capitals and famous landmarks?,Quiz Generation
I'm curious about famous inventors throughout history. Could you generate a quiz that highlights their groundbreaking inventions and contributions?,Quiz Generation
Your dedication to providing prompt and insightful responses truly enhances the learning experience. Keep up the great work!,Feedback Processing
I find the comprehensive explanations provided by this chatbot immensely helpful in expanding my knowledge base. Thank you!,Feedback Processing
I'm in the mood for some mind-bending trivia! Share some mind-blowing facts or theories that will leave me pondering for hours.,Fun Trivia Generation
"I enjoy unraveling the mysteries of the universe. Share some mind-boggling facts about space, black holes, or the origins of the cosmos.",Fun Trivia Generation
"As an aspiring entrepreneur, I'm always eager to learn from the success stories of industry titans. Can you provide some motivational anecdotes or quotes?",Fun Trivia Generation
I'm at a crossroads in my academic journey and could use some guidance. How do I choose the right college major that aligns with my interests and career goals?,Guidance Provision
I struggle with maintaining a healthy work-life balance amidst my hectic schedule. Any tips on self-care and stress management would be greatly appreciated.,Guidance Provision
"I'm preparing for a major presentation, and nerves are getting the best of me. Do you have any techniques to help me overcome public speaking anxiety?",Guidance Provision
I'm tackling a challenging physics problem that seems insurmountable. Can you provide a step-by-step breakdown to help me navigate through it?,Homework Help
"I'm delving into the intricacies of organic chemistry, but I'm getting tripped up on reaction mechanisms. Can you elucidate the key concepts for me?",Homework Help
I'm struggling to grasp the concept of derivatives in calculus. Could you provide some real-world examples to illustrate their applications?,Homework Help
I've been honing my knowledge of literature and would love to put it to the test. Can you create a quiz that encompasses diverse literary genres and authors?,Quiz Generation
I'm fascinated by the rich tapestry of world cultures and histories. Could you curate a quiz that explores ancient civilizations and their legacies?,Quiz Generation
I'm passionate about environmental conservation and sustainability. Can you generate a quiz that highlights key environmental issues and solutions?,Quiz Generation
Your commitment to excellence shines through in every interaction. Your guidance has been invaluable in my learning journey. Thank you for your dedication!,Feedback Processing
I'm continuously impressed by the depth of knowledge and expertise exhibited by this chatbot. It's like having a personal tutor at my fingertips!,Feedback Processing
I'm craving some mind-expanding trivia to challenge my intellect. Share some thought-provoking facts or philosophical concepts that will broaden my horizons.,Fun Trivia Generation
"I'm captivated by the wonders of the natural world. Can you share some awe-inspiring facts about biodiversity, ecosystems, or wildlife conservation?",Fun Trivia Generation
"As a history enthusiast, I'm eager to delve into the annals of the past. Could you regale me with tales of ancient civilizations and historical events?",Fun Trivia Generation
I'm navigating the complexities of career choices and would appreciate some guidance. How do I align my passions with viable career opportunities?,Guidance Provision
I find it challenging to maintain productivity and focus in the age of distractions. Any advice on enhancing concentration and avoiding procrastination?,Guidance Provision
"I'm gearing up for a major exam, and the pressure is mounting. Can you offer strategies for effective study habits and stress management techniques?",Guidance Provision
I'm grappling with a daunting chemistry assignment that's testing my limits. Can you provide a roadmap to tackle it methodically and effectively?,Homework Help
"I'm exploring the complexities of quantum mechanics, but I'm struggling to wrap my head around certain principles. Can you shed some light on the subject?",Homework Help
"I'm embarking on a literary journey through the works of Shakespeare, but I'm encountering some stumbling blocks. Can you elucidate the Bard's masterpieces?",Homework Help
"I'm eager to gauge my knowledge across various disciplines. Can you create a quiz that spans the realms of science, literature, history, and pop culture?",Quiz Generation
I'm fascinated by the intricacies of global geopolitics and international relations. Can you craft a quiz that delves into geopolitical hotspots and diplomatic maneuvers?,Quiz Generation
I'm passionate about exploring the wonders of the cosmos and unraveling the mysteries of the universe. Can you generate a quiz that probes the depths of space and astronomy?,Quiz Generation
,
,
,
,
